row_id,target
0-4,0.0013152464045753313
0-32,0.0013722499680416912
0-34,0.0013722499680416912
