row_id,target
0-4,0.00136635748989222
0-32,0.001382610192595181
0-34,0.001382610192595181
